cirrhosis,1
doing,4
furry,1
disappear,1
shouldnt,1
demuring,1
cookie,2
emphasizing,1
unkempt,1
remains,1
glass,2
except,3
grew,1
sat,3
herself,2
new,2
plate,1
take,3
drove,1
ever,4
purpose,1
or,6
pets,2
wondered,1
cheaters,1
american,1
bed,1
hurt,1
habit,1
continuous,1
mouths,1
worked,2
past,2
frozen,1
odors,1
tendency,1
bit,1
top,1
angle,1
check,1
once,3
caption,1
hesitated,1
last,6
things,3
high,2
show,1
paths,1
together,2
under,3
courage,1
blanket,1
as,27
hair,2
belonging,1
fudge,1
people,2
extraordinary,2
distinctly,1
contradictory,1
plans,2
needed,2
here,5
forest,1
project,2
worker,1
an,8
rocky,2
enough,2
pretend,1
find,1
oldest,1
making,2
rather,1
taken,2
part,1
fancy,2
beauty,1
could,17
help,2
phone,1
einstein,1
creature,2
supposed,2
west,1
vanilla,1
sea,1
distance,1
it,68
separate,1
disappeared,1
ignoring,1
browns,1
encouragement,1
walking,1
worst,1
ponies,1
result,1
habits,1
commute,1
handsome,1
happen,1
explain,5
enter,1
living,1
their,4
senseless,1
will,7
imagine,1
doesnt,2
through,3
canines,1
peered,1
felt,4
insisted,1
reprieve,1
prioritize,1
different,3
dana,2
generate,3
wouldnt,1
documents,1
donna,1
full,1
takes,2
running,2
sense,2
want,5
less,3
knew,5
wore,1
particularly,1
revolution,1
referential,1
right,1
purposes,1
frankness,1
wave,4
dream,3
beating,1
yelling,3
business,1
mean,1
hundred,1
place,1
exact,2
santa,1
already,1
unknown,3
precise,1
who,6
hall,1
hanging,1
finger,1
mistaken,1
round,1
weight,1
pasture,1
learn,1
watched,2
tiger,1
then,3
paragraphs,1
almost,1
marker,1
head,2
important,1
lovely,1
sound,1
still,6
smiled,2
all,21
reason,1
his,18
into,5
car,3
sir,1
playing,1
changed,2
back,4
again,3
phrase,2
speechless,1
shes,1
grumbled,1
friends,2
texted,1
done,1
now,3
joy,1
couldnt,7
mouth,2
next,4
sitting,1
cheat,1
heights,1
program,1
sizing,1
write,1
mirror,1
clicked,2
eggs,1
are,9
doctors,1
features,1
promise,1
shape,2
away,3
anticipated,1
from,10
placed,1
meal,3
insides,1
ferocity,1
life,8
papers,1
desire,1
toybox,1
least,2
recognition,1
job,1
held,2
character,1
“college,1
keep,1
easier,2
much,3
those,1
person,1
her,45
shaded,1
dave,3
of,58
without,3
sealed,1
teen,1
ratty,1
truth,1
added,2
list,2
cover,1
side,1
air,2
appreciate,1
by,4
hadnt,1
trust,1
semantics,1
notice,1
arbors,1
tended,1
seven,1
winning,1
good,3
weakness,1
across,1
woke,1
resisted,1
ourselves,1
comprehended,1
imaginative,1
after,2
ran,1
melt,1
professions”,1
sharp,1
let,3
go,4
fingers,2
act,1
backwardly,1
weekend,1
heat,1
leave,2
anyway,1
looked,7
little,6
extract,1
field,1
utilized,1
homeless,1
delay,1
getting,5
no,8
hear,2
came,1
lottery,1
crushed,1
actually,3
closed,1
numerous,1
chips,2
we,3
judge,2
hard,2
younger,1
sure,1
during,1
condensed,1
plenty,1
began,1
interior,1
this,17
airfreshener,1
arrange,1
the,183
regular,1
learned,2
hole,2
long,2
behind,2
order,1
cubical,1
he,52
night,2
stuff,1
storymaking,1
icecream,1
youre,3
there,21
appease,1
like,7
had,31
prepare,1
sunnyside,1
role,2
crept,1
color,1
make,6
tomorrow,1
braincase,1
deeper,2
both,2
them,7
thick,2
nowhere,1
must,1
put,3
late,3
dead,1
disapprovingly,1
hit,3
exactly,3
october,1
listened,1
when,6
showing,1
on,16
called,2
miles,2
longer,1
get,10
meaningful,1
building,2
terrifying,1
quietly,1
box,1
other,3
something,11
so,12
himself,1
understand,5
roamed,2
at,28
saying,1
went,2
outside,2
well,1
until,1
chunks,1
colors,2
have,11
use,2
crumbles,1
think,3
where,4
eye,1
since,1
me,4
educated,1
putting,1
pounds,1
work,4
change,2
tell,2
daily,1
young,1
chance,1
burned,1
anywhere,1
flight,1
star,2
concept,1
sentiments,1
and,81
failed,2
ground,2
document,1
cone,2
minute,1
special,1
toy,1
pot,1
meeting,1
seemed,4
rain,2
can,3
extruded,1
advance,1
careened,1
pinpoint,2
threaded,1
best,3
wait,1
hip,2
i,27
odds,1
breakfast,2
unable,1
throughout,1
distraction,1
hell,1
men,1
deaf,1
mind,2
tracks,1
stream,1
spot,1
heres,1
open,1
drown,1
your,4
home,1
tall,1
knowing,3
estate,1
embrace,1
slow,1
give,3
anyone,2
big,2
comes,1
curious,1
virtuously,1
broken,1
explore,1
chapter,1
answer,2
random,5
someone,1
meaningless,1
hundreds,1
tightly,1
brownish,1
each,2
thought,1
daughters,1
arm,1
promised,1
cubs,2
cleaned,1
excited,1
wanted,5
marshmallows,1
realized,3
more,4
nobody,2
private,1
existing,1
beneath,1
waiting,1
winchester,1
crossroads,1
background,1
meant,6
eating,2
for,21
pick,1
never,5
recently,1
proudly,1
found,5
pass,1
thing,1
positive,1
stones,1
rearview,1
maybe,1
trace,1
heart,1
force,2
having,1
fridge,1
may,2
world,4
candy,2
run,1
better,5
holding,1
mumbojumbo,1
underpinnings,1
than,4
set,2
discovered,1
else,2
hastily,1
outline,1
briefly,1
sun,2
come,2
concerning,1
shade,1
tried,7
wolves,1
rose,1
humanoid,1
captivating,1
signal,1
materialized,1
case,1
colorado,1
seconds,1
showed,1
guess,1
start,1
walked,1
reach,2
schedule,1
stopped,1
gorilla,1
implications,1
him,9
understood,1
pretty,2
how,9
time,13
women,1
yesterday,1
waves,1
lead,1
liquid,1
toward,2
texts,2
onto,2
surprise,1
far,1
says,1
matter,4
asked,2
difficult,1
idea,2
happy,1
compared,2
half,2
type,2
remember,1
purple,1
unease,1
weatherman,1
kinds,1
early,1
even,4
addins,1
paragraph,5
overcome,1
inch,1
ten,1
am,2
runs,1
two,4
fancies,1
were,11
nervous,1
remembered,1
coming,1
didnt,12
forecast,1
existential,1
mental,1
barbara,1
determination,1
made,2
robot,1
secrets,1
tree,1
such,1
glanced,1
would,20
intelligent,1
inside,4
fact,2
my,8
chuckled,1
server,1
hesitation,1
stood,1
but,37
did,3
off,3
not,7
sandcastle,6
to,120
packed,1
john,1
losing,1
only,5
bad,2
scared,1
continue,1
nervously,1
excuse,2
hand,2
possible,1
touch,1
discipline,1
pack,1
gain,1
burger,2
exist,1
meandered,1
always,4
try,5
wrong,1
cautioned,1
these,3
road,2
choice,3
face,5
wide,1
six,1
uneasiness,1
feel,2
look,3
undoubtedly,1
house,2
yet,3
about,14
risks,1
flame,1
uncertainty,1
yes,2
problem,1
rule,1
others,2
any,4
table,1
feeling,1
played,1
birthday,1
waited,1
youth,1
ball,3
someones,1
with,15
anything,4
shell,1
love,1
you,32
horizontal,1
wiggled,1
either,1
wondering,1
need,1
ate,1
completely,2
knows,1
in,42
decision,2
darker,1
pm,1
mother,2
hed,1
fully,2
engaging,1
danger,1
appointment,1
that,51
its,7
insisting,1
course,2
steel,1
morning,1
hoped,1
managed,1
call,1
moving,1
crashed,2
gurgled,1
beautiful,3
expert,1
stare,1
bronze,1
most,1
body,2
trying,1
got,1
bounced,1
sweetened,1
pressed,1
form,1
up,8
first,4
green,1
step,2
ordered,2
mine,1
harm,1
headphones,1
existed,1
accomplishment,1
say,1
corners,1
minutes,1
strips,1
discussion,1
year,1
planned,1
east,1
attention,1
feet,1
12,1
scent,1
just,9
ill,1
before,3
returned,2
6,1
every,3
atmosphere,1
pie,1
same,10
finally,1
action,1
ordinary,2
none,1
touched,1
power,1
patiently,3
rough,1
why,6
going,10
river,1
they,12
disturbed,1
man,2
educational,1
moment,7
too,2
secret,1
receded,2
hash,1
pride,1
perfect,4
hill,1
carefree,1
been,12
lane,1
girl,3
brave,1
sunk,1
soon,2
given,3
should,2
wasnt,9
was,74
arrived,1
told,1
out,10
see,8
build,1
bacon,1
emitting,1
strong,2
play,1
ears,1
way,7
scary,3
down,10
festival,1
seems,1
depth,1
covers,1
over,10
because,2
fitted,1
continued,6
thinlipped,1
types,1
gnaw,1
amount,1
plonking,1
multnomah,1
eastward,1
doubt,1
hours,1
exhausted,1
scolded,1
closer,1
breath,1
card,1
expected,1
sadness,1
seen,4
chocolate,5
a,53
desperate,1
pink,1
wharf,1
equation,1
bend,1
marta,2
pushed,1
if,14
beyond,1
simply,1
dark,2
taking,1
underpants,1
punished,1
noticed,4
debbie,1
opportunity,1
fell,3
hiding,1
knowledge,1
appear,2
almonds,1
door,1
line,1
street,1
save,2
few,2
routine,2
number,3
able,1
previous,1
questions,1
break,1
true,3
room,1
milk,1
dont,3
covering,1
1939,1
clothes,1
read,1
killed,1
hepatic,1
glared,1
eyes,3
third,1
computer,1
semisweet,1
awaiting,1
edge,1
another,6
soft,1
mixed,1
grateful,1
grave,1
be,33
really,2
earth,1
themselves,2
being,3
day,2
id,1
menu,1
hoping,2
eyebrows,1
horrible,1
teeth,1
do,9
everything,2
gets,1
expression,2
around,2
fate,1
hold,2
correct,1
has,1
rushing,1
heard,1
gone,2
shifted,1
rock,1
button,2
become,2
according,1
twenty,2
youll,1
us,1
one,9
cab,3
took,2
today,4
telling,1
giraffes,1
moderation,2
drunkards,1
thats,4
weird,1
manner,2
she,81
week,1
writing,3
carry,1
mom,4
slices,1
im,5
engulfing,1
months,2
prove,2
basics,1
amazement,1
forever,1
mere,1
nothing,2
everyone,1
bay,1
toys,1
giving,1
pony,1
discuss,1
model,2
makes,2
which,2
boy,1
know,6
fear,5
pursue,1
red,2
won,1
awoke,1
informed,1
squinted,1
sliding,1
years,5
prepared,1
is,14
also,1
peace,1
heading,2
end,6
cotton,1
ought,1
falling,2
caught,1
reluctantly,1
certain,1
subtle,1
somewhere,1
headon,1
mountains,1
nose,1
what,20
grizzly,1
arent,1
watching,1
view,2
weather,1
quite,2
